id;first_names;last_name;initials;gender;email;marital_status;date_of_birth;id_number;birth_entry_number;eye_color;hair_color;visible_marks;profession;image;image_content_type;user_id
1;Customer;Schinner;HTTP Industrial Common;FEMALE;"L4OI@j-W.Ie)BtG";NEVER_MARRIED;2021-03-23;payment;Bacon Cambridgeshire;BROWN;BLONDE;systems;framework bandwidth;../fake-data/blob/hipster.png;image/png;1
2;leading-edge;Kuhlman;system;FEMALE;"Wc@*NS.hI";DIVORCED;2021-03-23;Interactions violet Research;Books Architect mobile;BLUE;RED;Beauty;Wyoming Illinois utilize;../fake-data/blob/hipster.png;image/png;2
3;Global Computer;Johnston;Berkshire Fiji systemic;FEMALE;"Yk@Tz.jfxI";DIVORCED;2021-03-23;bandwidth;application wireless;BLUE;WHITE;payment microchip;Program Cambridgeshire Handmade;../fake-data/blob/hipster.png;image/png;1
4;Money Republic;Lang;technologies indigo open-source;MALE;"MM@=XL.V.Vj~QF";MARRIED;2021-03-22;Implementation;USB Director Republic;BLUE;BLONDE;integrated Bedfordshire;Senior;../fake-data/blob/hipster.png;image/png;2
5;parsing XML Automotive;Rippin;Tuna Rustic;MALE;"mB@g.at";NEVER_MARRIED;2021-03-23;Garden Multi-channelled;deposit out-of-the-box action-items;BLACK;WHITE;Advanced well-modulated bypassing;client-driven Ruble SMS;../fake-data/blob/hipster.png;image/png;2
6;Dynamic Plastic;Abernathy;Marketing ADP;MALE;"oL}-@Oa31mV.J~jgX]";DIVORCED;2021-03-22;Minor;expedite Lek Bond;BLUE;WHITE;real-time;Brand info-mediaries Chips;../fake-data/blob/hipster.png;image/png;2
7;mobile Benin Movies;Willms;Home Future Rubber;MALE;"~F@>7A.4T7";DIVORCED;2021-03-23;Designer interface;brand;BLUE;BLACK;Internal Keyboard zero;Customizable;../fake-data/blob/hipster.png;image/png;2
8;Grocery Nepalese Bulgarian;Tillman;Ergonomic upward-trending application;MALE;"zmS%@5k=.F]";DIVORCED;2021-03-23;help-desk;technologies;BLACK;BLACK;Soap Mongolia;Frozen Assurance;../fake-data/blob/hipster.png;image/png;2
9;Mouse alliance up;Hoeger;Brand Argentina;FEMALE;"Wd49TH@grso6._dN7";NEVER_MARRIED;2021-03-22;Venezuela bus Health;bleeding-edge transmitter digital;BROWN;RED;copying;SAS;../fake-data/blob/hipster.png;image/png;1
10;ROI;Gislason;Antilles supply-chains Total;FEMALE;"3Xj\@EP.OA";DIVORCED;2021-03-23;Eritrea;Saudi Tuna port;BLACK;BLACK;Crossing;Algeria eco-centric;../fake-data/blob/hipster.png;image/png;1
